teamName,teamId,goalsScored,goalsConceded,ownGoals,assists,shots,penaltyGoals,penaltiesTaken,freeKickGoals,freeKickShots,goalsFromInsideTheBox,goalsFromOutsideTheBox,shotsFromInsideTheBox,shotsFromOutsideTheBox,headedGoals,leftFootGoals,rightFootGoals,bigChances,bigChancesCreated,bigChancesMissed,shotsOnTarget,shotsOffTarget,blockedScoringAttempt,successfulDribbles,dribbleAttempts,corners,hitWoodwork,fastBreaks,fastBreakGoals,fastBreakShots,averageBallPossession,totalPasses,accuratePasses,accuratePassesPercentage,totalOwnHalfPasses,accurateOwnHalfPasses,accurateOwnHalfPassesPercentage,totalOppositionHalfPasses,accurateOppositionHalfPasses,accurateOppositionHalfPassesPercentage,totalLongBalls,accurateLongBalls,accurateLongBallsPercentage,totalCrosses,accurateCrosses,accurateCrossesPercentage,cleanSheets,tackles,interceptions,saves,errorsLeadingToGoal,errorsLeadingToShot,penaltiesCommited,penaltyGoalsConceded,clearances,clearancesOffLine,lastManTackles,totalDuels,duelsWon,duelsWonPercentage,totalGroundDuels,groundDuelsWon,groundDuelsWonPercentage,totalAerialDuels,aerialDuelsWon,aerialDuelsWonPercentage,possessionLost,offsides,fouls,yellowCards,yellowRedCards,redCards,avgRating,accurateFinalThirdPassesAgainst,accurateOppositionHalfPassesAgainst,accurateOwnHalfPassesAgainst,accuratePassesAgainst,bigChancesAgainst,bigChancesCreatedAgainst,bigChancesMissedAgainst,clearancesAgainst,cornersAgainst,crossesSuccessfulAgainst,crossesTotalAgainst,dribbleAttemptsTotalAgainst,dribbleAttemptsWonAgainst,errorsLeadingToGoalAgainst,errorsLeadingToShotAgainst,hitWoodworkAgainst,interceptionsAgainst,keyPassesAgainst,longBallsSuccessfulAgainst,longBallsTotalAgainst,offsidesAgainst,redCardsAgainst,shotsAgainst,shotsBlockedAgainst,shotsFromInsideTheBoxAgainst,shotsFromOutsideTheBoxAgainst,shotsOffTargetAgainst,shotsOnTargetAgainst,blockedScoringAttemptAgainst,tacklesAgainst,totalFinalThirdPassesAgainst,oppositionHalfPassesTotalAgainst,ownHalfPassesTotalAgainst,totalPassesAgainst,yellowCardsAgainst,throwIns,goalKicks,ballRecovery,freeKicks,kilometersCovered,numberOfSprints,id,matches,awardedMatches,statisticsType
Parma,2690,28,46,1,17,407,2,2,0,14,23,3,227,180,9,7,10,55,39,37,104,168,135,199,435,146,10,20,1,19,44,13742,11089,80.694222092854,6752,6078,90.017772511848,6990,5011,71.688125894134,1202,563,46.838602329451,640,143,22.34375,13,530,260,115,6,15,6,5,949,4,8,3501,1753,50.071408169095,2393,1198,50.062682824906,1108,555,50.090252707581,4543,50,413,63,4,5,6.754465849387,4453,9012,6174,15186,91,68,63,938,189,226,881,576,285,4,18,20,263,407,791,1689,80,8,538,153,350,188,221,164,153,542,5688,10912,6831,17743,68,679,339,1575,483,3226.86,4419,49360,38,0,"{'sportSlug': 'football', 'statisticsType': 'team'}"
Atalanta,2686,51,36,1,33,562,3,3,0,8,44,6,372,190,7,17,25,93,69,67,175,224,163,290,593,215,16,54,4,51,55.131578947368,18770,15921,84.821523708045,8487,7750,91.31613055261,10283,8171,79.461246717884,1298,725,55.855161787365,713,180,25.245441795231,13,594,319,118,6,11,4,2,809,1,6,3591,1776,49.456975772765,2477,1236,49.899071457408,1114,540,48.473967684022,4798,73,450,59,1,2,6.8821247892074,2791,5887,6695,12582,84,61,62,988,158,165,593,548,241,9,18,10,336,339,857,1960,57,2,447,115,284,163,180,152,115,594,4125,8049,7368,15417,53,699,274,1868,365,3330.01,5123,49357,38,0,"{'sportSlug': 'football', 'statisticsType': 'team'}"
Como,2704,65,29,0,47,549,5,8,1,18,53,11,362,187,10,28,26,99,73,59,194,214,141,289,601,170,12,50,9,42,61.605263157895,20031,17515,87.439468823324,9660,9012,93.291925465839,10371,8503,81.988236428503,1046,529,50.57361376673,620,165,26.612903225806,19,624,263,88,6,16,6,5,727,4,3,3691,1861,50.419940395557,2774,1352,48.73828406633,917,509,55.507088331516,4413,43,510,80,1,3,6.91875,1774,3790,5965,9755,69,50,50,780,122,117,466,558,282,12,22,4,345,235,739,1821,101,6,341,96,221,120,127,118,96,667,2966,5675,6681,12356,83,700,199,1756,449,2964.62,5025,49329,38,0,"{'sportSlug': 'football', 'statisticsType': 'team'}"
AS Roma,2702,59,31,0,41,503,5,7,0,19,55,4,370,133,12,15,32,83,62,44,178,188,137,215,552,196,11,42,7,37,56.289473684211,18543,15544,83.826780995524,8090,7386,91.297898640297,10453,8158,78.044580503205,1344,646,48.065476190476,696,170,24.425287356322,18,574,357,107,3,18,1,1,825,2,10,3931,1898,48.282879674383,2723,1280,47.006977598237,1208,618,51.158940397351,5034,64,523,67,1,3,6.8744027303754,2210,4656,6713,11369,67,51,48,933,132,101,482,510,249,9,18,15,353,270,778,2035,60,5,370,88,220,150,146,138,86,698,3560,6906,7619,14525,79,763,240,1867,506,3269.48,4769,49107,38,0,"{'sportSlug': 'football', 'statisticsType': 'team'}"
Cagliari,2719,40,53,0,30,415,2,2,0,15,36,4,255,160,12,8,20,68,49,38,132,174,109,235,485,144,8,43,6,38,45.578947368421,14980,12180,81.308411214953,8261,7439,90.049630795303,6719,4741,70.561095401101,1217,552,45.357436318817,545,139,25.504587155963,8,611,328,122,6,22,2,2,959,3,4,3626,1803,49.724214009928,2664,1363,51.163663663664,962,440,45.738045738046,4586,61,524,79,2,2,6.7489726027397,3545,7914,7390,15304,90,69,57,773,196,171,674,596,278,3,13,12,284,375,845,1765,51,4,491,140,329,162,175,176,140,539,5039,10141,7933,18074,61,677,338,1645,531,3281.11,4774,49333,38,0,"{'sportSlug': 'football', 'statisticsType': 'team'}"
Lecce,2689,28,50,1,20,373,1,2,2,20,23,5,216,157,8,6,13,51,39,33,97,157,119,235,563,163,9,34,3,32,41.605263157895,12204,9154,75.008194034743,4981,4339,87.111021883156,7223,4815,66.662051779039,1297,566,43.639167309175,648,150,23.148148148148,10,675,263,110,5,22,6,4,1125,3,7,4164,2030,48.751200768492,2808,1382,49.216524216524,1356,648,47.787610619469,5157,46,480,69,0,2,6.7139175257732,3115,6307,8275,14582,103,76,68,872,203,166,701,632,286,6,13,15,277,361,838,1959,92,1,484,130,351,133,192,162,130,700,4527,8573,9120,17693,62,801,334,1683,493,3433.65,5408,49072,38,0,"{'sportSlug': 'football', 'statisticsType': 'team'}"
Hellas Verona,2701,25,61,4,15,422,3,3,0,12,18,6,236,186,1,10,13,49,35,37,141,163,118,226,464,150,10,55,8,48,40.131578947368,12522,9428,75.29148698291,5331,4657,87.356968673795,7191,4771,66.34682241691,1260,483,38.333333333333,593,144,24.283305227656,6,715,388,99,8,9,5,2,1111,8,8,4030,1947,48.312655086849,2582,1264,48.954298993029,1448,683,47.168508287293,5012,63,599,86,3,5,6.6517948717949,3331,7937,7997,15934,85,58,48,963,193,156,693,602,253,6,18,14,275,353,965,2023,50,1,513,162,304,209,193,160,160,519,4773,10267,8800,19067,58,681,296,1763,337,3370.24,5230,49428,38,0,"{'sportSlug': 'football', 'statisticsType': 'team'}"
Sassuolo,2793,46,50,2,35,405,2,4,1,19,40,5,266,139,4,18,22,77,58,47,142,161,102,215,487,143,12,47,8,39,46.131578947368,15255,12670,83.054736152081,7543,6877,91.170621768527,7712,5793,75.116701244813,1138,547,48.066783831283,451,129,28.60310421286,8,518,313,134,6,21,6,5,962,6,3,3352,1623,48.418854415274,2417,1179,48.779478692594,935,444,47.486631016043,4330,66,455,83,1,4,6.7687179487179,3876,7917,7163,15080,94,69,60,705,186,180,792,500,224,4,21,10,234,414,842,1752,53,3,548,129,348,200,231,188,129,599,5214,9969,7766,17735,73,587,317,1702,462,3458.3,5162,49069,38,0,"{'sportSlug': 'football', 'statisticsType': 'team'}"
Genoa,2713,41,51,2,21,435,5,9,2,25,33,8,270,165,4,22,14,73,48,46,143,176,116,219,507,140,7,14,0,14,48.710526315789,14717,11854,80.546306991914,7722,6961,90.14504014504,6995,4893,69.949964260186,1299,575,44.264819091609,642,169,26.323987538941,9,659,274,111,8,8,7,7,968,2,6,4002,2042,51.024487756122,2650,1399,52.792452830189,1352,643,47.559171597633,4870,50,470,62,1,3,6.7655821917808,3118,6260,6405,12665,73,46,40,888,185,196,668,509,212,4,14,17,304,358,871,1955,59,6,486,151,333,153,173,162,151,612,4433,8399,7220,15619,90,728,279,1598,537,3279.32,4747,49071,38,0,"{'sportSlug': 'football', 'statisticsType': 'team'}"
Torino,2696,44,63,0,25,449,5,7,0,9,36,6,279,170,10,6,26,78,51,50,151,170,128,209,441,146,8,58,9,50,44.131578947368,14259,11404,79.977558033523,6891,6154,89.304890436802,7368,5250,71.254071661238,1397,676,48.389405869721,662,162,24.471299093656,12,610,309,106,13,12,4,4,1008,2,7,3639,1784,49.02445726848,2419,1184,48.945845390657,1220,600,49.180327868852,4676,63,530,72,0,1,6.7406040268456,3454,7738,7875,15613,90,72,47,917,178,162,666,513,241,5,16,6,273,411,958,1949,45,0,527,155,342,185,200,172,155,513,4843,9937,8556,18493,54,644,313,1633,377,3331.18,5197,49438,38,0,"{'sportSlug': 'football', 'statisticsType': 'team'}"
AC Milan,2692,53,35,1,37,503,7,9,0,9,43,10,348,155,7,20,25,100,73,65,166,210,127,248,551,162,17,43,6,38,51.842105263158,18380,16052,87.334058759521,8579,7979,93.006177876209,9801,8073,82.36914600551,1160,675,58.189655172414,645,193,29.922480620155,15,550,244,112,1,29,8,5,814,0,3,3162,1644,51.992409867173,2327,1215,52.213149978513,835,429,51.377245508982,4071,71,384,62,2,3,6.9230228471002,3493,7517,7135,14652,63,41,38,817,163,182,756,468,213,4,23,13,317,334,822,1647,44,0,438,121,268,170,177,140,121,551,4534,9153,7740,16893,79,655,258,1654,424,2957.57,4070,49109,38,0,"{'sportSlug': 'football', 'statisticsType': 'team'}"
Juventus,2687,61,34,2,41,639,2,5,1,15,51,8,418,221,13,22,24,108,79,68,227,228,184,304,617,206,22,51,9,44,57.5,19795,17134,86.557211417025,8467,7778,91.862525097437,11328,9356,82.591807909605,1372,771,56.195335276968,748,179,23.930481283422,16,610,245,74,11,23,3,1,634,3,2,3402,1751,51.469723691946,2449,1267,51.735402204982,953,484,50.786988457503,4581,65,461,51,1,2,6.9095563139932,2479,5371,6770,12141,48,35,34,1031,143,125,539,426,176,7,23,12,356,280,798,1824,22,3,388,110,230,158,171,107,110,585,3535,7231,7499,14730,78,714,234,1848,365,3346.12,4456,49359,38,0,"{'sportSlug': 'football', 'statisticsType': 'team'}"
Cremonese,2761,32,57,2,23,346,4,4,0,6,28,4,210,136,6,14,12,57,46,31,125,134,87,162,360,133,7,34,4,31,46.5,14648,11591,79.130256690333,7533,6715,89.141112438603,7115,4876,68.531271960647,1383,584,42.227042660882,685,140,20.43795620438,11,544,262,140,12,15,6,4,1042,2,1,3532,1739,49.235560588901,2329,1151,49.420352082439,1203,588,48.877805486284,4859,63,514,73,0,6,6.709337860781,3499,7184,7199,14383,91,71,56,963,227,201,750,500,239,8,16,15,252,457,925,1865,76,4,593,168,390,203,229,196,168,463,4866,9302,7824,17126,55,738,354,1565,463,3477.63,5095,49110,38,0,"{'sportSlug': 'football', 'statisticsType': 'team'}"
Udinese,2695,45,48,1,30,439,5,5,1,17,40,4,265,174,9,16,19,70,54,40,146,167,126,291,601,170,12,52,6,46,45.631578947368,14058,11405,81.128183240859,6841,6155,89.972226282707,7217,5250,72.74490785645,1299,633,48.729792147806,564,124,21.985815602837,11,577,310,98,9,20,7,6,1058,6,10,3739,1862,49.799411607382,2599,1262,48.557137360523,1140,600,52.631578947368,4595,54,516,71,0,2,6.7876897133221,3075,6593,7557,14150,76,53,44,787,182,155,704,490,224,8,22,20,261,350,945,2012,73,1,502,141,316,186,213,148,141,655,4423,8752,8227,16979,65,652,310,1643,407,3417.1,5468,49427,38,0,"{'sportSlug': 'football', 'statisticsType': 'team'}"
Lazio,2699,41,40,0,28,417,4,5,0,12,35,4,254,163,3,16,20,72,48,48,155,167,95,215,494,142,15,30,4,26,50.342105263158,18694,16189,86.59997860276,9460,8662,91.564482029598,9234,7527,81.513970110461,1141,656,57.49342681858,509,126,24.75442043222,15,481,295,120,5,29,5,3,746,3,3,3194,1637,51.252348152786,2342,1200,51.238257899231,852,437,51.291079812207,4081,37,402,77,1,9,6.8227272727273,2727,6013,9787,15800,65,51,42,701,159,188,671,436,217,8,19,13,277,378,837,1722,55,4,506,132,325,181,215,160,131,557,3819,7787,10405,18192,91,662,287,1599,522,3389.88,5221,49330,38,0,"{'sportSlug': 'football', 'statisticsType': 'team'}"
Inter,2697,89,35,1,64,650,5,6,1,13,71,14,465,185,19,27,38,147,120,91,229,249,172,203,416,241,21,43,4,39,59.763157894737,20804,18246,87.704287636993,9231,8607,93.240168995775,11573,9639,83.288689190357,1249,689,55.164131305044,875,258,29.485714285714,18,579,243,76,2,17,4,4,676,2,6,3212,1674,52.117061021171,2306,1171,50.780572419775,906,503,55.518763796909,4377,61,499,64,0,0,6.9816498316498,2177,4955,6630,11585,55,42,35,1017,110,113,500,465,201,11,23,7,310,266,867,1877,59,4,347,95,210,137,143,111,93,488,3222,6688,7398,14086,62,665,215,1708,397,305.92,392,49437,38,0,"{'sportSlug': 'football', 'statisticsType': 'team'}"
Bologna,2685,49,46,1,30,490,5,7,1,12,39,8,308,182,3,28,16,67,43,41,145,221,124,246,498,170,18,37,2,36,55.052631578947,16865,14016,83.107026386007,8240,7489,90.885922330097,8625,6527,75.675362318841,1709,923,54.008191925102,674,178,26.409495548961,12,541,279,92,7,21,4,4,848,4,10,3627,1854,51.116625310174,2523,1299,51.486325802616,1104,555,50.271739130435,4749,73,501,65,2,6,6.7920265780731,2062,4311,6588,10899,96,68,63,833,161,126,516,472,206,7,17,18,288,277,878,2078,90,5,389,104,264,125,145,141,103,560,3306,6488,7339,13827,72,715,210,1697,528,3129.17,4920,49108,38,0,"{'sportSlug': 'football', 'statisticsType': 'team'}"
Fiorentina,2693,41,50,2,23,489,6,6,1,21,34,6,306,183,4,15,21,77,53,54,131,213,145,266,535,169,14,36,5,32,50.973684210526,16097,13594,84.450518730198,8012,7386,92.18671992012,8085,6208,76.78416821274,1214,596,49.093904448105,723,162,22.406639004149,10,466,271,127,6,16,6,5,834,4,3,3497,1745,49.899914212182,2491,1286,51.625853071056,1006,459,45.626242544732,4363,64,475,81,1,3,6.7936426116838,3230,6681,6434,13115,78,56,44,945,174,214,684,424,202,7,9,10,247,409,863,1799,31,4,514,133,346,168,204,177,133,568,4489,8634,7067,15701,81,595,292,1612,569,3373.56,4837,49334,38,0,"{'sportSlug': 'football', 'statisticsType': 'team'}"
Pisa,2737,26,71,1,13,364,6,7,0,4,23,2,270,94,5,6,14,67,48,51,106,163,95,188,441,135,12,35,3,32,40.210526315789,12421,9586,77.175750744707,6197,5479,88.413748588026,6224,4107,65.986503856041,1306,575,44.027565084227,652,170,26.073619631902,5,623,343,108,6,19,6,5,992,3,4,3812,1928,50.577124868835,2481,1211,48.810963321241,1331,717,53.869271224643,4713,62,501,77,1,5,6.6741554054054,3879,8631,7594,16225,93,68,56,975,183,163,733,583,298,4,18,18,211,410,928,1873,50,2,548,141,365,183,228,179,141,519,5240,10712,8331,19043,59,662,319,1722,416,3509.04,5674,49358,38,0,"{'sportSlug': 'football', 'statisticsType': 'team'}"
SSC Napoli,2714,58,36,0,39,502,4,5,1,13,47,10,322,180,10,18,29,76,53,42,179,188,135,241,534,208,17,30,3,27,58.868421052632,21153,18451,87.226398146835,10474,9715,92.753484819553,10679,8736,81.805412491806,1039,542,52.165543792108,667,151,22.63868065967,15,462,233,77,4,18,10,7,627,3,4,3222,1612,50.031036623215,2296,1126,49.04181184669,926,486,52.483801295896,4502,56,425,48,1,2,6.8571678321678,2490,5731,6272,12003,56,35,34,888,105,125,483,367,169,4,20,9,336,288,802,1946,37,5,389,102,223,166,172,115,102,614,3566,7611,7028,14639,66,705,261,1756,438,3242.41,4484,49070,38,0,"{'sportSlug': 'football', 'statisticsType': 'team'}"
